﻿{"cameraMode":{"drawMode":0,"name":"Shaded","section":"Shading Mode"},"sceneLighting":true,"audioPlay":false,"sceneViewState":{"showFog":true,"showMaterialUpdate":false,"showSkybox":true,"showFlares":true,"showImageEffects":true,"showParticleSystems":true},"in2DMode":false,"pivot":{"x":3.759990930557251,"y":-12.14063549041748,"z":9.939552307128907},"rotation":{"x":-0.4571578800678253,"y":-0.5413364768028259,"z":0.4707925021648407,"w":-0.5256576538085938},"size":23.961162567138673,"orthographic":false}